{"coins": 0, "diamonds": 0, "level": 1, "level-score": 10000, "lives": 7, "score": 0, "hiscore": 0, "teleports": 0, "bubspeed": 5, "confusion": false, "confusion-time": 1553702213.6417706, "notouch": false, "notouch-time": 1553702213.6417706, "paralis": false, "paralis-time": 1553702213.6417706, "scorestate": 1, "scorestate-time": 1553702213.6417706, "secure": false, "secure-time": 1553702213.6417706, "shipspeed": 10, "shotspeed": 0.1, "shotspeed-time": 1553702213.6417706, "slowmotion": false, "slowmotion-time": 1553702213.6417706, "special-level": false, "special-level-time": 1553702213.6417706, "speedboost": false, "speedboost-time": 1553702213.6417706, "timebreak": false, "timebreak-time": 1553702213.6417706, "ship-position": [960.0, 540.0]}