{"coins": 1, "diamonds": 0, "level": 1, "level-score": 10000, "lives": 7, "score": 1583, "hiscore": 1583, "teleports": 0, "bubspeed": 5, "confusion": false, "confusion-time": 1553786937.6128197, "notouch": false, "notouch-time": 1553786937.6128197, "paralis": false, "paralis-time": 1553786937.6128197, "scorestate": 1, "scorestate-time": 1553786937.6128197, "secure": false, "secure-time": 1553786937.6128197, "shipspeed": 10, "shotspeed": 0.1, "shotspeed-time": 1553786937.6128197, "slowmotion": false, "slowmotion-time": 1553786937.6128197, "special-level": false, "special-level-time": 1553786937.6128197, "speedboost": false, "speedboost-time": 1553786937.6128197, "timebreak": false, "timebreak-time": 1553786937.6128197, "ship-position": [725.0, 265.0]}