{"coins": 0, "diamonds": 0, "level": 1, "level-score": 10000, "lives": 7, "score": 256, "hiscore": 256, "teleports": 0, "bubspeed": 5, "confusion": false, "confusion-time": 1553703568.2880704, "notouch": false, "notouch-time": 1553703568.2880704, "paralis": false, "paralis-time": 1553703568.2880704, "scorestate": 1, "scorestate-time": 1553703568.2880704, "secure": false, "secure-time": 1553703568.2880704, "shipspeed": 10, "shotspeed": 0.1, "shotspeed-time": 1553703568.2880704, "slowmotion": false, "slowmotion-time": 1553703568.2880704, "special-level": false, "special-level-time": 1553703568.2880704, "speedboost": false, "speedboost-time": 1553703568.2880704, "timebreak": false, "timebreak-time": 1553703568.2880704, "ship-position": [920.0, 790.0]}