{"coins": 0, "diamonds": 0, "level": 1, "level-score": 10000, "lives": 7, "score": 84, "hiscore": 84, "teleports": 0, "bubspeed": 5, "confusion": false, "confusion-time": 1553776498.5255568, "notouch": false, "notouch-time": 1553776498.5255568, "paralis": false, "paralis-time": 1553776498.5255568, "scorestate": 1, "scorestate-time": 1553776498.5255568, "secure": false, "secure-time": 1553776498.5255568, "shipspeed": 15, "shotspeed": 0.1, "shotspeed-time": 1553776498.5255568, "slowmotion": false, "slowmotion-time": 1553776498.5255568, "special-level": false, "special-level-time": 1553776498.5255568, "speedboost": false, "speedboost-time": 1553776498.5255568, "timebreak": false, "timebreak-time": 1553776498.5255568, "ship-position": [967.5, 592.5]}