{"coins": 0, "diamonds": 0, "level": 1, "level-score": 10000, "lives": 7, "score": 263, "hiscore": 263, "teleports": 0, "bubspeed": 5, "confusion": false, "confusion-time": 1557910641.6997395, "notouch": false, "notouch-time": 1557910641.6997395, "paralis": false, "paralis-time": 1557910641.6997395, "scorestate": 1, "scorestate-time": 1557910641.6997395, "secure": false, "secure-time": 1557910641.6997395, "shipspeed": 10, "shotspeed": 0.1, "shotspeed-time": 1557910641.6997395, "slowmotion": false, "slowmotion-time": 1557910641.6997395, "special-level": false, "special-level-time": 1557910641.6997395, "speedboost": false, "speedboost-time": 1557910641.6997395, "timebreak": false, "timebreak-time": 1557910641.6997395, "ship-position": [57.5, 467.5], "confus": true, "confus-time": 1557761206.142575}