{"coins": 0, "diamonds": 0, "level": 1, "level-score": 10000, "lives": 7, "score": 175, "hiscore": 175, "teleports": 0, "bubspeed": 5, "confusion": false, "confusion-time": 1557998997.7683094, "notouch": false, "notouch-time": 1557998997.7683094, "paralis": false, "paralis-time": 1557998997.7683094, "scorestate": 1, "scorestate-time": 1557998997.7683094, "secure": false, "secure-time": 1557998997.7683094, "shipspeed": 10, "shotspeed": 0.1, "shotspeed-time": 1557998997.7683094, "slowmotion": false, "slowmotion-time": 1557998997.7683094, "special-level": false, "special-level-time": 1557998997.7683094, "speedboost": false, "speedboost-time": 1557998997.7683094, "timebreak": false, "timebreak-time": 1557998997.7683094, "ship-position": [1024.5, 419.955286026001]}