{"coins": 0, "diamonds": 0, "level": 1, "level-score": 10000, "lives": 7, "score": 30, "hiscore": 30, "teleports": 0, "bubspeed": 5, "confusion": false, "confusion-time": 1558016182.1412005, "notouch": false, "notouch-time": 1558016182.1412005, "paralis": false, "paralis-time": 1558016182.1412005, "scorestate": 1, "scorestate-time": 1558016182.1412005, "secure": false, "secure-time": 1558016182.1412005, "shipspeed": 10, "shotspeed": 0.1, "shotspeed-time": 1558016182.1412005, "slowmotion": false, "slowmotion-time": 1558016182.1412005, "special-level": false, "special-level-time": 1558016182.1412005, "speedboost": false, "speedboost-time": 1558016182.1412005, "timebreak": false, "timebreak-time": 1558016182.1412005, "ship-position": [990.0, 454.50303745269775]}