{"coins": 0, "diamonds": 0, "level": 1, "level-score": 10000, "lives": 7, "score": 45, "hiscore": 45, "teleports": 0, "bubspeed": 5, "confusion": false, "confusion-time": 1557761228.3554156, "notouch": false, "notouch-time": 1557761228.3554156, "paralis": false, "paralis-time": 1557761228.3554156, "scorestate": 1, "scorestate-time": 1557761228.3554156, "secure": false, "secure-time": 1557761228.3554156, "shipspeed": 10, "shotspeed": 0.1, "shotspeed-time": 1557761228.3554156, "slowmotion": false, "slowmotion-time": 1557761228.3554156, "special-level": false, "special-level-time": 1557761228.3554156, "speedboost": false, "speedboost-time": 1557761228.3554156, "timebreak": false, "timebreak-time": 1557761228.3554156, "ship-position": [1097.5, 537.5], "confus": true, "confus-time": 1557761206.142575}