{"coins": 0, "diamonds": 0, "level": 1, "level-score": 10000, "lives": 5, "score": 706, "hiscore": 706, "teleports": 0, "bubspeed": 5, "confusion": false, "confusion-time": 1557995765.8455796, "notouch": false, "notouch-time": 1557995765.8455796, "paralis": false, "paralis-time": 1557995765.8455796, "scorestate": 1, "scorestate-time": 1557995765.8455796, "secure": false, "secure-time": 1557995765.8455796, "shipspeed": 15, "shotspeed": 0.1, "shotspeed-time": 1557995765.8455796, "slowmotion": false, "slowmotion-time": 1557995765.8455796, "special-level": false, "special-level-time": 1557995765.8455796, "speedboost": false, "speedboost-time": 1557995765.8455796, "timebreak": false, "timebreak-time": 1557995765.8455796, "ship-position": [901.5, 565.4258422851562]}