{"coins": 1, "diamonds": 0, "level": 1, "level-score": 10000, "lives": -1, "score": 607, "hiscore": 607, "teleports": 0, "bubspeed": 5, "confusion": false, "confusion-time": 1558077707.6215737, "notouch": false, "notouch-time": 1558073825.1922517, "paralis": false, "paralis-time": 1558077707.6215737, "scorestate": 1, "scorestate-time": 1558077707.6215737, "secure": false, "secure-time": 1558077707.6215737, "shipspeed": 10, "shotspeed": 0.1, "shotspeed-time": 1558077707.6215737, "slowmotion": false, "slowmotion-time": 1558077707.6215737, "special-level": false, "special-level-time": 1558077707.6215737, "speedboost": false, "speedboost-time": 1558077707.6215737, "timebreak": false, "timebreak-time": 1558077707.6215737, "ship-position": [835.5, 471.0665445327759]}