{"coins": 0, "diamonds": 0, "level": 1, "level-score": 10000, "lives": 7, "score": 475, "hiscore": 475, "teleports": 0, "bubspeed": 5, "confusion": false, "confusion-time": 1557929592.6719143, "notouch": false, "notouch-time": 1557929592.6719143, "paralis": false, "paralis-time": 1557929592.6719143, "scorestate": 1, "scorestate-time": 1557929592.6719143, "secure": false, "secure-time": 1557929592.6719143, "shipspeed": 5, "shotspeed": 0.1, "shotspeed-time": 1557929592.6719143, "slowmotion": false, "slowmotion-time": 1557929592.6719143, "special-level": false, "special-level-time": 1557929592.6719143, "speedboost": false, "speedboost-time": 1557929592.6719143, "timebreak": false, "timebreak-time": 1557929592.6719143, "ship-position": [1102.5, 411.0774402618408], "confus": true, "confus-time": 1557761206.142575}