{"coins": 8, "diamonds": 0, "level": 1, "level-score": 10000, "lives": 6, "score": 8613, "hiscore": 8613, "teleports": 0, "bubspeed": 5, "confusion": false, "confusion-time": 1557907984.1415253, "notouch": false, "notouch-time": 1557907984.1415253, "paralis": false, "paralis-time": 1557907984.1415253, "scorestate": 1, "scorestate-time": 1557907984.1415253, "secure": false, "secure-time": 1557907984.1415253, "shipspeed": 20, "shotspeed": 0.1, "shotspeed-time": 1557907984.1415253, "slowmotion": false, "slowmotion-time": 1557907984.1415253, "special-level": false, "special-level-time": 1557907984.1415253, "speedboost": false, "speedboost-time": 1557907984.1415253, "timebreak": false, "timebreak-time": 1557907984.1415253, "ship-position": [1059.8333333333217, 836.5833333333298], "confus": true, "confus-time": 1553861309.137372}