{"coins": 6, "diamonds": 0, "level": 1, "level-score": 10000, "lives": 7, "score": 7379, "hiscore": 7379, "teleports": 0, "bubspeed": 5, "confusion": false, "confusion-time": 1553861499.3099597, "notouch": false, "notouch-time": 1553861499.3099597, "paralis": false, "paralis-time": 1553861499.3099597, "scorestate": 1, "scorestate-time": 1553861499.3099597, "secure": false, "secure-time": 1553861499.3099597, "shipspeed": 20, "shotspeed": 0.1, "shotspeed-time": 1553861499.3099597, "slowmotion": false, "slowmotion-time": 1553861499.3099597, "special-level": false, "special-level-time": 1553861499.3099597, "speedboost": false, "speedboost-time": 1553861499.3099597, "timebreak": false, "timebreak-time": 1553861499.3099597, "ship-position": [1217.3333333333217, 894.0833333333298], "confus": true, "confus-time": 1553861309.137372}